Property,Acct #,Address,City,State,Zip,Mgmt Co,Phone,Email,Contact,Title,Contact Phone,Contact Email,Floorplan,Unit,Building,Product,Room,Qty,Item #,Width,Height,Color,Style,Finish,Core,Swing,Door Location,Thickness,Hinge Dimension,Lock Basket,Mount,Slat Width,Headrail Width,Valance Type,Frame Style,Frame Finish,Screen Color,Screen Type,Frame Size,Length,Verified,PO,Date,Status,Notes
Saguaro Ridge Apartments (DEMO),90001,4410 N Demo Canyon Rd,Phoenix,AZ,85018,Desert Sky Living (demo),602-555-0101,office@saguaroridge.example,,,,,A1 - 1BR,101,1,,,,,,,,,,,,,,,,,,,,,,,,,,,,,,
Saguaro Ridge Apartments (DEMO),90001,4410 N Demo Canyon Rd,Phoenix,AZ,85018,Desert Sky Living (demo),602-555-0101,office@saguaroridge.example,,,,,A1 - 1BR,102,1,,,,,,,,,,,,,,,,,,,,,,,,,,,,,,
Saguaro Ridge Apartments (DEMO),90001,4410 N Demo Canyon Rd,Phoenix,AZ,85018,Desert Sky Living (demo),602-555-0101,office@saguaroridge.example,,,,,A1 - 1BR,103,1,,,,,,,,,,,,,,,,,,,,,,,,,,,,,,
Saguaro Ridge Apartments (DEMO),90001,4410 N Demo Canyon Rd,Phoenix,AZ,85018,Desert Sky Living (demo),602-555-0101,office@saguaroridge.example,,,,,A1 - 1BR,104,1,,,,,,,,,,,,,,,,,,,,,,,,,,,,,,
Saguaro Ridge Apartments (DEMO),90001,4410 N Demo Canyon Rd,Phoenix,AZ,85018,Desert Sky Living (demo),602-555-0101,office@saguaroridge.example,,,,,A1 - 1BR,105,1,,,,,,,,,,,,,,,,,,,,,,,,,,,,,,
Saguaro Ridge Apartments (DEMO),90001,4410 N Demo Canyon Rd,Phoenix,AZ,85018,Desert Sky Living (demo),602-555-0101,office@saguaroridge.example,,,,,A1 - 1BR,106,1,,,,,,,,,,,,,,,,,,,,,,,,,,,,,,
Saguaro Ridge Apartments (DEMO),90001,4410 N Demo Canyon Rd,Phoenix,AZ,85018,Desert Sky Living (demo),602-555-0101,office@saguaroridge.example,,,,,A1 - 1BR,107,1,,,,,,,,,,,,,,,,,,,,,,,,,,,,,,
Saguaro Ridge Apartments (DEMO),90001,4410 N Demo Canyon Rd,Phoenix,AZ,85018,Desert Sky Living (demo),602-555-0101,office@saguaroridge.example,,,,,A1 - 1BR,108,1,,,,,,,,,,,,,,,,,,,,,,,,,,,,,,
Saguaro Ridge Apartments (DEMO),90001,4410 N Demo Canyon Rd,Phoenix,AZ,85018,Desert Sky Living (demo),602-555-0101,office@saguaroridge.example,Dana Whitfield,Property Manager,602-555-0111,dana@saguaroridge.example,A1 - 1BR,,,Interior Door,Bedroom,1,6P-3080-HC,30,80,,Colonist,Primecoat,Hollow Core,Left Hand,Interior,"1-3/8""","3-1/2""","2-3/8""",,,,,,,,,,,Yes,,,,Measured on walk 2026-03
Saguaro Ridge Apartments (DEMO),90001,4410 N Demo Canyon Rd,Phoenix,AZ,85018,Desert Sky Living (demo),602-555-0101,office@saguaroridge.example,Luis Ortega,Maintenance Supervisor,602-555-0112,luis@saguaroridge.example,A1 - 1BR,,,Bi-Pass Door,Bedroom Closet,2,BP-2480,24,80,,Colonist,Primecoat,Hollow Core,,,"1-3/8""",,,,,,,,,,,,,Yes,,,,
Saguaro Ridge Apartments (DEMO),90001,4410 N Demo Canyon Rd,Phoenix,AZ,85018,Desert Sky Living (demo),602-555-0101,office@saguaroridge.example,,,,,A1 - 1BR,,,Vertical Blind,Living Room,1,VB-ALB-35,72,84,Alabaster,,,,,,,,,Inside Mount,"3-1/2""","1-3/8""",Standard Valance,,,,,,,Yes,,,,
Saguaro Ridge Apartments (DEMO),90001,4410 N Demo Canyon Rd,Phoenix,AZ,85018,Desert Sky Living (demo),602-555-0101,office@saguaroridge.example,,,,,A1 - 1BR,,,Horizontal Blind,Bedroom,1,HB-FW-2,35,48,White,Faux Wood,,,,,,,,,,,,,,,,,,Yes,,,,
Saguaro Ridge Apartments (DEMO),90001,4410 N Demo Canyon Rd,Phoenix,AZ,85018,Desert Sky Living (demo),602-555-0101,office@saguaroridge.example,,,,,A1 - 1BR,,,Window Screen,Bedroom,1,,34 1/4,46 3/4,,,,,,,,,,,,,,,Bronze,Charcoal,Bug Screen,"5/16""",,Yes,,,,
Saguaro Ridge Apartments (DEMO),90001,4410 N Demo Canyon Rd,Phoenix,AZ,85018,Desert Sky Living (demo),602-555-0101,office@saguaroridge.example,,,,,A1 - 1BR,,,Screen Door,Patio,1,,36,80,,,,,,,,,,,,,,600 Series (Standard),Bronze,Charcoal,Sun Screen,,,Yes,,,,
Saguaro Ridge Apartments (DEMO),90001,4410 N Demo Canyon Rd,Phoenix,AZ,85018,Desert Sky Living (demo),602-555-0101,office@saguaroridge.example,,,,,A1 - 1BR,,,Pre-Hung Door,Entry,1,PH-3680-SC,36,80,,Six Panel Steel,,Solid Core,Right Hand,Exterior,"1-3/4""","4""","2-3/4""",,,,,,,,,,,Yes,,,,
Saguaro Ridge Apartments (DEMO),90001,4410 N Demo Canyon Rd,Phoenix,AZ,85018,Desert Sky Living (demo),602-555-0101,office@saguaroridge.example,,,,,A1 - 1BR,,,Baseboard,Whole unit,1,,,,White,"3-1/4"" colonial MDF",,,,,,,,,,,,,,,,,112 LF,,,,,
Saguaro Ridge Apartments (DEMO),90001,4410 N Demo Canyon Rd,Phoenix,AZ,85018,Desert Sky Living (demo),602-555-0101,office@saguaroridge.example,,,,,B2 - 2BR,201,2,,,,,,,,,,,,,,,,,,,,,,,,,,,,,,
Saguaro Ridge Apartments (DEMO),90001,4410 N Demo Canyon Rd,Phoenix,AZ,85018,Desert Sky Living (demo),602-555-0101,office@saguaroridge.example,,,,,B2 - 2BR,202,2,,,,,,,,,,,,,,,,,,,,,,,,,,,,,,
Saguaro Ridge Apartments (DEMO),90001,4410 N Demo Canyon Rd,Phoenix,AZ,85018,Desert Sky Living (demo),602-555-0101,office@saguaroridge.example,,,,,B2 - 2BR,203,2,,,,,,,,,,,,,,,,,,,,,,,,,,,,,,
Saguaro Ridge Apartments (DEMO),90001,4410 N Demo Canyon Rd,Phoenix,AZ,85018,Desert Sky Living (demo),602-555-0101,office@saguaroridge.example,,,,,B2 - 2BR,204,2,,,,,,,,,,,,,,,,,,,,,,,,,,,,,,
Saguaro Ridge Apartments (DEMO),90001,4410 N Demo Canyon Rd,Phoenix,AZ,85018,Desert Sky Living (demo),602-555-0101,office@saguaroridge.example,,,,,B2 - 2BR,205,2,,,,,,,,,,,,,,,,,,,,,,,,,,,,,,
Saguaro Ridge Apartments (DEMO),90001,4410 N Demo Canyon Rd,Phoenix,AZ,85018,Desert Sky Living (demo),602-555-0101,office@saguaroridge.example,,,,,B2 - 2BR,206,2,,,,,,,,,,,,,,,,,,,,,,,,,,,,,,
Saguaro Ridge Apartments (DEMO),90001,4410 N Demo Canyon Rd,Phoenix,AZ,85018,Desert Sky Living (demo),602-555-0101,office@saguaroridge.example,,,,,B2 - 2BR,207,2,,,,,,,,,,,,,,,,,,,,,,,,,,,,,,
Saguaro Ridge Apartments (DEMO),90001,4410 N Demo Canyon Rd,Phoenix,AZ,85018,Desert Sky Living (demo),602-555-0101,office@saguaroridge.example,,,,,B2 - 2BR,208,2,,,,,,,,,,,,,,,,,,,,,,,,,,,,,,
Saguaro Ridge Apartments (DEMO),90001,4410 N Demo Canyon Rd,Phoenix,AZ,85018,Desert Sky Living (demo),602-555-0101,office@saguaroridge.example,Dana Whitfield,Property Manager,602-555-0111,dana@saguaroridge.example,B2 - 2BR,,,Interior Door,Bedroom,2,6P-3080-HC,30,80,,Colonist,Primecoat,Hollow Core,Left Hand,Interior,"1-3/8""","3-1/2""","2-3/8""",,,,,,,,,,,Yes,,,,Measured on walk 2026-03
Saguaro Ridge Apartments (DEMO),90001,4410 N Demo Canyon Rd,Phoenix,AZ,85018,Desert Sky Living (demo),602-555-0101,office@saguaroridge.example,Luis Ortega,Maintenance Supervisor,602-555-0112,luis@saguaroridge.example,B2 - 2BR,,,Bi-Pass Door,Bedroom Closet,2,BP-2480,24,80,,Colonist,Primecoat,Hollow Core,,,"1-3/8""",,,,,,,,,,,,,Yes,,,,
Saguaro Ridge Apartments (DEMO),90001,4410 N Demo Canyon Rd,Phoenix,AZ,85018,Desert Sky Living (demo),602-555-0101,office@saguaroridge.example,,,,,B2 - 2BR,,,Vertical Blind,Living Room,1,VB-ALB-35,96,84,Alabaster,,,,,,,,,Inside Mount,"3-1/2""","1-3/8""",Standard Valance,,,,,,,Yes,,,,
Saguaro Ridge Apartments (DEMO),90001,4410 N Demo Canyon Rd,Phoenix,AZ,85018,Desert Sky Living (demo),602-555-0101,office@saguaroridge.example,,,,,B2 - 2BR,,,Horizontal Blind,Bedroom,2,HB-FW-2,35,48,White,Faux Wood,,,,,,,,,,,,,,,,,,Yes,,,,
Saguaro Ridge Apartments (DEMO),90001,4410 N Demo Canyon Rd,Phoenix,AZ,85018,Desert Sky Living (demo),602-555-0101,office@saguaroridge.example,,,,,B2 - 2BR,,,Window Screen,Bedroom,2,,34 1/4,46 3/4,,,,,,,,,,,,,,,Bronze,Charcoal,Bug Screen,"5/16""",,Yes,,,,
Saguaro Ridge Apartments (DEMO),90001,4410 N Demo Canyon Rd,Phoenix,AZ,85018,Desert Sky Living (demo),602-555-0101,office@saguaroridge.example,,,,,B2 - 2BR,,,Screen Door,Patio,1,,36,80,,,,,,,,,,,,,,600 Series (Standard),Bronze,Charcoal,Sun Screen,,,Yes,,,,
Saguaro Ridge Apartments (DEMO),90001,4410 N Demo Canyon Rd,Phoenix,AZ,85018,Desert Sky Living (demo),602-555-0101,office@saguaroridge.example,,,,,B2 - 2BR,,,Pre-Hung Door,Entry,1,PH-3680-SC,36,80,,Six Panel Steel,,Solid Core,Right Hand,Exterior,"1-3/4""","4""","2-3/4""",,,,,,,,,,,Yes,,,,
Saguaro Ridge Apartments (DEMO),90001,4410 N Demo Canyon Rd,Phoenix,AZ,85018,Desert Sky Living (demo),602-555-0101,office@saguaroridge.example,,,,,B2 - 2BR,,,Baseboard,Whole unit,1,,,,White,"3-1/4"" colonial MDF",,,,,,,,,,,,,,,,,168 LF,,,,,
Saguaro Ridge Apartments (DEMO),90001,4410 N Demo Canyon Rd,Phoenix,AZ,85018,Desert Sky Living (demo),602-555-0101,office@saguaroridge.example,,,,,,,,,,,,,,,,,,,,,,,,,,,,,,,,,,,,,Delivery: Mon-Fri 9am-4pm only. Prefers Alabaster verticals.
Saguaro Ridge Apartments (DEMO),90001,4410 N Demo Canyon Rd,Phoenix,AZ,85018,Desert Sky Living (demo),602-555-0101,office@saguaroridge.example,,,,,,108,,Bi-Pass Door,Bedroom Closet,2,,30,80,,Colonist,Primecoat,Hollow Core,,,,,,,,,,,,,,,,Yes,,,,Unit 108 was renovated - wider closet than the rest of A1
Saguaro Ridge Apartments (DEMO),90001,4410 N Demo Canyon Rd,Phoenix,AZ,85018,Desert Sky Living (demo),602-555-0101,office@saguaroridge.example,,,,,,104,,Interior Door,,1,,30,80,,,,,Left Hand,,,,,,,,,,,,,,,,SR-24811,01/14/2026,Completed,
Saguaro Ridge Apartments (DEMO),90001,4410 N Demo Canyon Rd,Phoenix,AZ,85018,Desert Sky Living (demo),602-555-0101,office@saguaroridge.example,,,,,,203,,Vertical Blind,,1,,96,84,Alabaster,,,,,,,,,,,,,,,,,,,,SR-24907,02/03/2026,Completed,
Saguaro Ridge Apartments (DEMO),90001,4410 N Demo Canyon Rd,Phoenix,AZ,85018,Desert Sky Living (demo),602-555-0101,office@saguaroridge.example,,,,,,106,,Horizontal Blind,,2,,35,48,White,,,,,,,,,,,,,,,,,,,,SR-25120,03/22/2026,Completed,
Saguaro Ridge Apartments (DEMO),90001,4410 N Demo Canyon Rd,Phoenix,AZ,85018,Desert Sky Living (demo),602-555-0101,office@saguaroridge.example,,,,,,207,,Screen Door,,1,,36,80,,,,,,,,,,,,,,,Bronze,,,,,,SR-25388,05/09/2026,Installed,
Saguaro Ridge Apartments (DEMO),90001,4410 N Demo Canyon Rd,Phoenix,AZ,85018,Desert Sky Living (demo),602-555-0101,office@saguaroridge.example,,,,,,102,,Interior Door,,1,,30,80,,,,,Right Hand,,,,,,,,,,,,,,,,SR-25702,07/18/2026,Completed,
Saguaro Ridge Apartments (DEMO),90001,4410 N Demo Canyon Rd,Phoenix,AZ,85018,Desert Sky Living (demo),602-555-0101,office@saguaroridge.example,,,,,,205,,Window Screen,,2,,34 1/4,46 3/4,,,,,,,,,,,,,,,,,,,,,SR-26015,09/02/2026,Shipped,
Palo Verde Commons (DEMO),90002,1200 E Sample Pkwy,Tempe,AZ,85281,Copper State Residential (demo),480-555-0102,leasing@paloverde.example,,,,,Ocotillo,A101,A,,,,,,,,,,,,,,,,,,,,,,,,,,,,,,
Palo Verde Commons (DEMO),90002,1200 E Sample Pkwy,Tempe,AZ,85281,Copper State Residential (demo),480-555-0102,leasing@paloverde.example,,,,,Ocotillo,A102,A,,,,,,,,,,,,,,,,,,,,,,,,,,,,,,
Palo Verde Commons (DEMO),90002,1200 E Sample Pkwy,Tempe,AZ,85281,Copper State Residential (demo),480-555-0102,leasing@paloverde.example,,,,,Ocotillo,A103,A,,,,,,,,,,,,,,,,,,,,,,,,,,,,,,
Palo Verde Commons (DEMO),90002,1200 E Sample Pkwy,Tempe,AZ,85281,Copper State Residential (demo),480-555-0102,leasing@paloverde.example,,,,,Ocotillo,A104,A,,,,,,,,,,,,,,,,,,,,,,,,,,,,,,
Palo Verde Commons (DEMO),90002,1200 E Sample Pkwy,Tempe,AZ,85281,Copper State Residential (demo),480-555-0102,leasing@paloverde.example,Renee Castillo,Property Manager,480-555-0121,renee@paloverde.example,Ocotillo,,,Cabinet Door,Kitchen,14,,15,30,Espresso,Shaker,Thermofoil,,,,,,,,,,,,,,,,,Yes,,,,
Palo Verde Commons (DEMO),90002,1200 E Sample Pkwy,Tempe,AZ,85281,Copper State Residential (demo),480-555-0102,leasing@paloverde.example,,,,,Ocotillo,,,Storage Door,Patio Storage,1,,28,80,,Six Panel Steel,,Solid Core,Left Hand,Exterior,,,,,,,,,,,,,,Yes,,,,
Palo Verde Commons (DEMO),90002,1200 E Sample Pkwy,Tempe,AZ,85281,Copper State Residential (demo),480-555-0102,leasing@paloverde.example,,,,,Ocotillo,,,Vertical Blind,Living Room,1,,70,84,White,,,,,,,,,Outside Mount,"3-1/2""",,Upgrade Valance,,,,,,,Yes,,,,
Palo Verde Commons (DEMO),90002,1200 E Sample Pkwy,Tempe,AZ,85281,Copper State Residential (demo),480-555-0102,leasing@paloverde.example,,,,,Mesquite,B201,B,,,,,,,,,,,,,,,,,,,,,,,,,,,,,,
Palo Verde Commons (DEMO),90002,1200 E Sample Pkwy,Tempe,AZ,85281,Copper State Residential (demo),480-555-0102,leasing@paloverde.example,,,,,Mesquite,B202,B,,,,,,,,,,,,,,,,,,,,,,,,,,,,,,
Palo Verde Commons (DEMO),90002,1200 E Sample Pkwy,Tempe,AZ,85281,Copper State Residential (demo),480-555-0102,leasing@paloverde.example,,,,,Mesquite,B203,B,,,,,,,,,,,,,,,,,,,,,,,,,,,,,,
Palo Verde Commons (DEMO),90002,1200 E Sample Pkwy,Tempe,AZ,85281,Copper State Residential (demo),480-555-0102,leasing@paloverde.example,Renee Castillo,Property Manager,480-555-0121,renee@paloverde.example,Mesquite,,,Cabinet Door,Kitchen,14,,15,30,Espresso,Shaker,Thermofoil,,,,,,,,,,,,,,,,,Yes,,,,
Palo Verde Commons (DEMO),90002,1200 E Sample Pkwy,Tempe,AZ,85281,Copper State Residential (demo),480-555-0102,leasing@paloverde.example,,,,,Mesquite,,,Storage Door,Patio Storage,1,,28,80,,Six Panel Steel,,Solid Core,Left Hand,Exterior,,,,,,,,,,,,,,Yes,,,,
Palo Verde Commons (DEMO),90002,1200 E Sample Pkwy,Tempe,AZ,85281,Copper State Residential (demo),480-555-0102,leasing@paloverde.example,,,,,Mesquite,,,Vertical Blind,Living Room,1,,70,84,White,,,,,,,,,Outside Mount,"3-1/2""",,Upgrade Valance,,,,,,,Yes,,,,
Palo Verde Commons (DEMO),90002,1200 E Sample Pkwy,Tempe,AZ,85281,Copper State Residential (demo),480-555-0102,leasing@paloverde.example,,,,,,,,,,,,,,,,,,,,,,,,,,,,,,,,,,,,,Delivery: CALL RENEE 30 MIN BEFORE DELIVERY; deliver to leasing office
Palo Verde Commons (DEMO),90002,1200 E Sample Pkwy,Tempe,AZ,85281,Copper State Residential (demo),480-555-0102,leasing@paloverde.example,,,,,,A103,,Cabinet Door,,6,,15,30,,,,,,,,,,,,,,,,,,,,,PV-1101,04/11/2026,Completed,
Palo Verde Commons (DEMO),90002,1200 E Sample Pkwy,Tempe,AZ,85281,Copper State Residential (demo),480-555-0102,leasing@paloverde.example,,,,,,B202,,Vertical Blind,,1,,70,84,White,,,,,,,,,,,,,,,,,,,,PV-1188,08/27/2026,Backordered,
Camelback Lofts (DEMO),90003,7000 E Example Ave,Scottsdale,AZ,85251,Desert Sky Living (demo),480-555-0103,,Marcus Lee,Maintenance Supervisor,480-555-0131,,Loft 1,L1,,Garage Door,Garage,1,,96,84,Sandstone,Raised panel steel,,,,,,,,,,,,,,,,,,Yes,,,,
Camelback Lofts (DEMO),90003,7000 E Example Ave,Scottsdale,AZ,85251,Desert Sky Living (demo),480-555-0103,,,,,,,,,,,,,,,,,,,,,,,,,,,,,,,,,,,,,,Delivery: MUST HAVE PO# & UNIT#; gate code 4321#
Camelback Lofts (DEMO),90003,7000 E Example Ave,Scottsdale,AZ,85251,Desert Sky Living (demo),480-555-0103,,,,,,Loft 1,L1,,,,,,,,,,,,,,,,,,,,,,,,,,,,,,,
Camelback Lofts (DEMO),90003,7000 E Example Ave,Scottsdale,AZ,85251,Desert Sky Living (demo),480-555-0103,,,,,,Loft 1,L2,,,,,,,,,,,,,,,,,,,,,,,,,,,,,,,
Camelback Lofts (DEMO),90003,7000 E Example Ave,Scottsdale,AZ,85251,Desert Sky Living (demo),480-555-0103,,,,,,Loft 1,L3,,,,,,,,,,,,,,,,,,,,,,,,,,,,,,,
Camelback Lofts (DEMO),90003,7000 E Example Ave,Scottsdale,AZ,85251,Desert Sky Living (demo),480-555-0103,,,,,,Loft 1,L4,,,,,,,,,,,,,,,,,,,,,,,,,,,,,,,
Camelback Lofts (DEMO),90003,7000 E Example Ave,Scottsdale,AZ,85251,Desert Sky Living (demo),480-555-0103,,,,,,Loft 1,,,Entry Door,Front,1,,36,80,,Six Panel Steel,,Solid Core,Left Hand,Exterior,,,"2-3/8""",,,,,,,,,,,Yes,,,,
Camelback Lofts (DEMO),90003,7000 E Example Ave,Scottsdale,AZ,85251,Desert Sky Living (demo),480-555-0103,,,,,,,L3,,Garage Door,,1,,96,84,Sandstone,,,,,,,,,,,,,,,,,,,,CL-77,06/30/2026,Confirmed,
Mesa Verde Villas (DEMO),,,,,,,,,Pat Nguyen,Leasing Agent,,,,,,,,,,,,,,,,,,,,,,,,,,,,,,,,,,,
